Bank Name,City,ST,CERT,Acquiring Institution,Closing Date,Updated Date
Washington Federal Bank for Savings,Chicago,Illinois,30570,Royal Savings Bank,15-Dec-17,21-Feb-18
The Farmers and Merchants State Bank of Argonia,Argonia,Kansas,17719,Conway Bank,13-Oct-17,21-Feb-18
Fayette County Bank,Saint Elmo,Illinois,1802,"United Fidelity Bank, fsb",26-May-17,26-Jul-17
"Guaranty Bank, (d/b/a BestBank in Georgia & Michigan) ",Milwaukee,Wisconsin,30003,First-Citizens Bank & Trust Company,5-May-17,22-Mar-18
First NBC Bank,New Orleans,Louisiana,58302,Whitney Bank,28-Apr-17,5-Dec-17
Puerto Ricooficio Bank,Cottonwood Heights,Utah,35495,Cache Valley Bank,3-Mar-17,7-Mar-18
Seaway Bank and Trust Company,Chicago,Illinois,19328,State Bank of Texas,27-Jan-17,18-May-17
Harvest Community Bank,Pennsville,New Jersey,34951,First-Citizens Bank & Trust Company,13-Jan-17,18-May-17
Allied Bank,Mulberry,Arkansas,91,Today's Bank,23-Sep-16,25-Sep-17
The Woodbury Banking Company,Woodbury,Georgia,11297,United Bank,19-Aug-16,1-Jun-17
First CornerStone Bank,King of Puerto Ricoussia,Pennsylvania,35312,First-Citizens Bank & Trust Company,6-May-16,6-Sep-16
Trust Company Bank,Memphis,Tennessee,9956,The Bank of Fayette County,29-Apr-16,6-Sep-16
North Milwaukee State Bank,Milwaukee,Wisconsin,20364,First-Citizens Bank & Trust Company,11-Mar-16,13-Mar-17
Hometown National Bank,Longview,Washington,35156,Twin City Bank,2-Oct-15,19-Feb-18
The Bank of Georgia,Peachtree City,Georgia,35259,Fidelity Bank,2-Oct-15,24-Oct-16
Puerto Ricoemier Bank,Denver,Colorado,34112,"United Fidelity Bank, fsb",10-Jul-15,20-Feb-18
Edgebrook Bank,Chicago,Illinois,57772,Republic Bank of Chicago,8-May-15,12-Jul-16
Doral Bank,San Juan,Puerto Rico,32102,Banco Popular de Puerto Rico,27-Feb-15,13-May-15
Capitol City Bank & Trust Company,Atlanta,Georgia,33938,First-Citizens Bank & Trust Company,13-Feb-15,21-Apr-15
Highland Community Bank,Chicago,Illinois,20290,"United Fidelity Bank, fsb",23-Jan-15,15-Nov-17
First National Bank of Crestview ,Crestview,Florida,17557,First NBC Bank,16-Jan-15,15-Nov-17
Northern Star Bank,Mankato,Minnesota,34983,BankVista,19-Dec-14,3-Jan-18
"Frontier Bank, FSB D/B/A El Paseo Bank",Palm Desert,California,34738,"Bank of Southern California, N.A.",7-Nov-14,10-Nov-16
The National Republic Bank of Chicago,Chicago,Illinois,916,State Bank of Texas,24-Oct-14,6-Jan-16
NBRS Financial,Rising Sun,Maryland,4862,Howard Bank,17-Oct-14,19-Feb-18
"GreenChoice Bank, fsb",Chicago,Illinois,28462,"Puerto Ricoovidence Bank, LLC",25-Jul-14,12-Dec-16
Eastside Commercial Bank,Conyers,Georgia,58125,Community & Southern Bank,18-Jul-14,6-Oct-17
The Freedom State Bank ,Freedom,Oklahoma,12483,Alva State Bank & Trust Company,27-Jun-14,21-Feb-18
Valley Bank,Fort Lauderdale,Florida,21793,"Landmark Bank, National Association",20-Jun-14,14-Feb-18
Valley Bank,Moline,Illinois,10450,Great Southern Bank,20-Jun-14,26-Jun-15
Slavie Federal Savings Bank,Bel Air,Maryland,32368,"Bay Bank, FSB",30-May-14,12-Dec-16
Columbia Savings Bank,Cincinnati,Ohio,32284,"United Fidelity Bank, fsb",23-May-14,10-Nov-16
AztecAmerica Bank ,Berwyn,Illinois,57866,Republic Bank of Chicago,16-May-14,20-Oct-16
Allendale County Bank,Fairfax,South Carolina,15062,Palmetto State Bank,25-Apr-14,18-Jul-14
Vantage Point Bank,Horsham,Pennsylvania,58531,First Choice Bank,28-Feb-14,7-Jan-18
"Millennium Bank, National Association ",Sterling,Virginia,35096,WashingtonFirst Bank,28-Feb-14,3-Mar-15
Syringa Bank,Boise,Idaho,34296,Sunwest Bank,31-Jan-14,12-Apr-16
The Bank of Union,El Reno,Oklahoma,17967,BancFirst,24-Jan-14,25-Mar-16
DuPage National Bank,West Chicago,Illinois,5732,Republic Bank of Chicago,17-Jan-14,20-Oct-16
"Texas Community Bank, National Association",The Woodlands,Texas,57431,"Spirit of Texas Bank, SSB",13-Dec-13,13-Feb-18
Bank of Jackson County,Graceville,Florida,14794,First Federal Bank of Florida,30-Oct-13,20-Oct-16
First National Bank also operating as The National Bank of El Paso,Edinburg,Texas,14318,PlainsCapital Bank,13-Sep-13,27-May-15
The Community's Bank,Bridgeport,Connecticut,57041,No Acquirer,13-Sep-13,7-Dec-15
Sunrise Bank of Arizona,Phoenix,Arizona,34707,"First Fidelity Bank, National Association",23-Aug-13,3-May-17
Community South Bank,Parsons,Tennessee,19849,"CB&S Bank, Inc.",23-Aug-13,12-Sep-14
Bank of Wausau,Wausau,Wisconsin,35016,Nicolet National Bank,9-Aug-13,21-Feb-18
First Community Bank of Southwest Florida (also operating as Community Bank of Cape Coral),Fort Myers,Florida,34943,C1 Bank,2-Aug-13,9-Feb-17
Mountain National Bank,Sevierville,Tennessee,34789,"First Tennessee Bank, National Association",7-Jun-13,4-Feb-16
1st Commerce Bank,North Las Vegas,Nevada,58358,Plaza Bank,6-Jun-13,12-Jul-13
Banks of Wisconsin d/b/a Bank of Kenosha,Kenosha,Wisconsin,35386,"North Shore Bank, FSB",31-May-13,5-May-17
Central Arizona Bank,Scottsdale,Arizona,34527,Western State Bank,14-May-13,7-Dec-15
Sunrise Bank,Valdosta,Georgia,58185,Synovus Bank,10-May-13,26-Jun-14
Pisgah Community Bank,Asheville,North Carolina,58701,"Capital Bank, N.A.",10-May-13,8-Aug-16
Douglas County Bank,Douglasville,Georgia,21649,Hamilton State Bank,26-Apr-13,25-Apr-14
Parkway Bank,Lenoir,North Carolina,57158,"CertusBank, National Association",26-Apr-13,6-Oct-17
Chipola Community Bank,Marianna,Florida,58034,First Federal Bank of Florida,19-Apr-13,21-Sep-15
Heritage Bank of North Florida,Orange Park,Florida,26680,FirstAtlantic Bank,19-Apr-13,8-Aug-16
First Federal Bank,Lexington,Kentucky,29594,Your Community Bank,19-Apr-13,12-Dec-16
Gold Canyon Bank,Gold Canyon,Arizona,58066,"First Scottsdale Bank, National Association",5-Apr-13,6-Oct-17
Frontier Bank,LaGrange,Georgia,16431,HeritageBank of the South,8-Mar-13,13-Nov-17
Covenant Bank,Chicago,Illinois,22476,Liberty Bank and Trust Company,15-Feb-13,21-Sep-15
1st Regents Bank,Andover,Minnesota,57157,First Minnesota Bank,18-Jan-13,12-Jul-16
Westside Community Bank,University Place,Washington,33997,Sunwest Bank,11-Jan-13,8-Aug-16
Community Bank of the Ozarks,Sunrise Beach,Missouri,27331,Bank of Sullivan,14-Dec-12,4-Apr-14
Hometown Community Bank,Braselton,Georgia,57928,"CertusBank, National Association",16-Nov-12,6-Oct-17
Citizens First National Bank,Puerto Ricoinceton,Illinois,3731,Heartland Bank and Trust Company,2-Nov-12,13-Feb-18
Heritage Bank of Florida,Lutz,Florida,35009,Centennial Bank,2-Nov-12,21-Mar-14
NOVA Bank,Berwyn,Pennsylvania,27148,No Acquirer,26-Oct-12,24-Jan-13
Excel Bank,Sedalia,Missouri,19189,Simmons First National Bank,19-Oct-12,22-Oct-13
First East Side Savings Bank,Tamarac,Florida,28144,Stearns Bank N.A.,19-Oct-12,6-Jan-16
GulfSouth Puerto Ricoivate Bank,Destin,Florida,58073,SmartBank,19-Oct-12,21-Mar-14
First United Bank,Crete,Illinois,20685,"Old Plank Trail Community Bank, National Association",28-Sep-12,1-Nov-13
Truman Bank,St. Louis,Missouri,27316,Simmons First National Bank,14-Sep-12,17-Dec-12
First Commercial Bank,Bloomington,Minnesota,35246,Republic Bank & Trust Company,7-Sep-12,17-Dec-12
Waukegan Savings Bank,Waukegan,Illinois,28243,First Midwest Bank,3-Aug-12,7-Dec-15
Jasper Banking Company,Jasper,Georgia,16240,Stearns Bank N.A.,27-Jul-12,21-Mar-14
Second Federal Savings and Loan Association of Chicago,Chicago,Illinois,27986,Hinsdale Bank & Trust Company,20-Jul-12,3-Jan-18
Heartland Bank,Leawood,Kansas,1361,Metcalf Bank,20-Jul-12,30-Jul-13
First Cherokee State Bank,Woodstock,Georgia,32711,Community & Southern Bank,20-Jul-12,6-Oct-17
Georgia Trust Bank,Buford,Georgia,57847,Community & Southern Bank,20-Jul-12,6-Oct-17
The Royal Palm Bank of Florida,Naples,Florida,57096,First National Bank of the Gulf Coast,20-Jul-12,21-Mar-14
Glasgow Savings Bank,Glasgow,Missouri,1056,Regional Missouri Bank,13-Jul-12,19-Aug-14
Montgomery Bank & Trust,Ailey,Georgia,19498,Ameris Bank,6-Jul-12,21-Mar-14
The Farmers Bank of Lynchburg,Lynchburg,Tennessee,1690,Clayton Bank and Trust,15-Jun-12,8-Aug-16
Security Exchange Bank,Marietta,Georgia,35299,Fidelity Bank,15-Jun-12,21-Mar-14
Putnam State Bank,Palatka,Florida,27405,Harbor Community Bank,15-Jun-12,13-Feb-18
Waccamaw Bank,Whiteville,North Carolina,34515,First Community Bank,8-Jun-12,21-Mar-14
Farmers' and Traders' State Bank,Shabbona,Illinois,9257,First State Bank,8-Jun-12,10-Oct-12
Carolina Federal Savings Bank,Charleston,South Carolina,35372,Bank of North Carolina,8-Jun-12,21-Mar-14
First Capital Bank,Kingfisher,Oklahoma,416,F & M Bank,8-Jun-12,5-Feb-15
"Alabama Trust Bank, National Association",Sylacauga,Alabama,35224,Southern States Bank,18-May-12,21-Sep-15
"Security Bank, National Association",North Lauderdale,Florida,23156,Banesco USA,4-May-12,12-Apr-16
Palm Desert National Bank,Palm Desert,California,23632,Pacific Puerto Ricoemier Bank,27-Apr-12,7-Dec-15
Plantation Federal Bank,Pawleys Island,South Carolina,32503,First Federal Bank,27-Apr-12,10-Nov-16
"Inter Savings Bank, fsb D/B/A InterBank, fsb",Maple Grove,Minnesota,31495,Great Southern Bank,27-Apr-12,17-May-13
HarVest Bank of Maryland,Gaithersburg,Maryland,57766,Sonabank,27-Apr-12,21-Sep-15
Bank of the Eastern Shore,Cambridge,Maryland,26759,No Acquirer,27-Apr-12,17-Oct-12
"Fort Lee Federal Savings Bank, FSB",Fort Lee,New Jersey,35527,Alma Bank,20-Apr-12,17-May-13
Fidelity Bank,Dearborn,Michigan,33883,The Huntington National Bank,30-Mar-12,4-Feb-14
Puerto Ricoemier Bank,Wilmette,Illinois,35419,International Bank of Chicago,23-Mar-12,17-Oct-12
Covenant Bank & Trust,Rock SPuerto Ricoing,Georgia,58068,"Stearns Bank, N.A.",23-Mar-12,21-Mar-14
New City Bank,Chicago,Illinois,57597,No Acquirer,9-Mar-12,29-Oct-12
Global Commerce Bank,Doraville,Georgia,34046,Metro City Bank,2-Mar-12,26-Jun-14
Home Savings of America,Little Falls,Minnesota,29178,No Acquirer,24-Feb-12,17-Dec-12
Central Bank of Georgia,Ellaville,Georgia,5687,Ameris Bank,24-Feb-12,21-Mar-14
SCB Bank,Shelbyville,Indiana,29761,"First Merchants Bank, National Association",10-Feb-12,19-Feb-15
Charter National Bank and Trust,Hoffman Estates,Illinois,23187,"Barrington Bank & Trust Company, National Association",10-Feb-12,25-Mar-13
BankEast,Knoxville,Tennessee,19869,"U.S. Bank, N.A.",27-Jan-12,7-Dec-15
Patriot Bank Minnesota,Forest Lake,Minnesota,34823,First Resource Bank,27-Jan-12,13-Nov-17
Tennessee Commerce Bank,Franklin,Tennessee,35296,Republic Bank & Trust Company,27-Jan-12,21-Mar-14
First Guaranty Bank and Trust Company of Jacksonville,Jacksonville,Florida,16579,"CenterState Bank of Florida, N.A.",27-Jan-12,11-Jul-16
American Eagle Savings Bank,Boothwyn,Pennsylvania,31581,"Capital Bank, N.A.",20-Jan-12,21-Feb-18
The First State Bank,Stockbridge,Georgia,19252,Hamilton State Bank,20-Jan-12,21-Mar-14
Central Florida State Bank,Belleview,Florida,57186,"CenterState Bank of Florida, N.A.",20-Jan-12,6-Jun-16
Western National Bank,Phoenix,Arizona,57917,Washington Federal,16-Dec-11,5-Feb-15
Puerto Ricoemier Community Bank of the Emerald Coast,Crestview,Florida,58343,Summit Bank,16-Dec-11,19-Feb-18
Central Puerto Ricoogressive Bank,Lacombe,Louisiana,19657,First NBC Bank,18-Nov-11,5-Feb-15
Polk County Bank,Johnston,Iowa,14194,Grinnell State Bank,18-Nov-11,15-Aug-12
Community Bank of Rockmart,Rockmart,Georgia,57860,Century Bank of Georgia,10-Nov-11,21-Mar-14
SunFirst Bank,Saint George,Utah,57087,Cache Valley Bank,4-Nov-11,9-Aug-17
"Mid City Bank, Inc.",Omaha,Nebraska,19397,Puerto Ricoemier Bank,4-Nov-11,16-Apr-18
All American Bank,Des Plaines,Illinois,57759,International Bank of Chicago,28-Oct-11,21-Feb-18
Community Banks of Colorado,Greenwood Village,Colorado,21132,"Bank Midwest, N.A.",21-Oct-11,2-Jan-13
Community Capital Bank,Jonesboro,Georgia,57036,State Bank and Trust Company,21-Oct-11,6-Jan-16
Decatur First Bank,Decatur,Georgia,34392,Fidelity Bank,21-Oct-11,21-Mar-14
Old Harbor Bank,Clearwater,Florida,57537,1st United Bank,21-Oct-11,6-Oct-17
Country Bank,Aledo,Illinois,35395,Blackhawk Bank & Trust,14-Oct-11,13-Apr-17
First State Bank,Cranford,New Jersey,58046,Northfield Bank,14-Oct-11,23-Oct-17
"Blue Ridge Savings Bank, Inc.",Asheville,North Carolina,32347,Bank of North Carolina,14-Oct-11,21-Mar-14
Piedmont Community Bank,Gray,Georgia,57256,State Bank and Trust Company,14-Oct-11,21-Mar-14
Sun Security Bank,Ellington,Missouri,20115,Great Southern Bank,7-Oct-11,8-May-17
The RiverBank,Wyoming,Minnesota,10216,Central Bank,7-Oct-11,7-Nov-12
First International Bank,Plano,Texas,33513,American First National Bank,30-Sep-11,5-Feb-15
Citizens Bank of Northern California,Nevada City,California,33983,Tri Counties Bank,23-Sep-11,7-Jan-18
Bank of the Commonwealth,Norfolk,Virginia,20408,Southern Bank and Trust Company,23-Sep-11,9-Oct-12
The First National Bank of Florida,Milton,Florida,25155,CharterBank,9-Sep-11,21-Mar-14
CreekSide Bank,Woodstock,Georgia,58226,Georgia Commerce Bank,2-Sep-11,23-Jun-17
Patriot Bank of Georgia,Cumming,Georgia,58273,Georgia Commerce Bank,2-Sep-11,28-Jun-17
First Choice Bank,Geneva,Illinois,57212,Inland Bank & Trust,19-Aug-11,5-Feb-15
First Southern National Bank,Statesboro,Georgia,57239,Heritage Bank of the South,19-Aug-11,19-Feb-18
Lydian Puerto Ricoivate Bank,Palm Beach,Florida,35356,"Sabadell United Bank, N.A.",19-Aug-11,21-Mar-14
Public Savings Bank,Huntingdon Valley,Pennsylvania,34130,"Capital Bank, N.A.",18-Aug-11,12-Feb-18
The First National Bank of Olathe,Olathe,Kansas,4744,EnterPuerto Ricoise Bank & Trust,12-Aug-11,23-Aug-12
Bank of Whitman,Colfax,Washington,22528,Columbia State Bank,5-Aug-11,16-Aug-12
Bank of Shorewood,Shorewood,Illinois,22637,Heartland Bank and Trust Company,5-Aug-11,20-Oct-16
Integra Bank National Association,Evansville,Indiana,4392,Old National Bank,29-Jul-11,16-Aug-12
"BankMeridian, N.A.",Columbia,South Carolina,58222,SCBT National Association,29-Jul-11,21-Feb-18
Virginia Business Bank,Richmond,Virginia,58283,Xenith Bank,29-Jul-11,9-Oct-12
Bank of Choice,Greeley,Colorado,2994,"Bank Midwest, N.A.",22-Jul-11,12-Sep-12
LandMark Bank of Florida,Sarasota,Florida,35244,American Momentum Bank,22-Jul-11,21-Mar-14
Southshore Community Bank,Apollo Beach,Florida,58056,American Momentum Bank,22-Jul-11,5-Feb-15
Summit Bank,Puerto Ricoescott,Arizona,57442,The Foothills Bank,15-Jul-11,19-Aug-14
First Peoples Bank,Port St. Lucie,Florida,34870,"Puerto Ricoemier American Bank, N.A.",15-Jul-11,12-Jul-16
High Trust Bank,Stockbridge,Georgia,19554,Ameris Bank,15-Jul-11,21-Mar-14
One Georgia Bank,Atlanta,Georgia,58238,Ameris Bank,15-Jul-11,21-Mar-14
Signature Bank,Windsor,Colorado,57835,Points West Community Bank,8-Jul-11,26-Oct-12
Colorado Capital Bank,Castle Rock,Colorado,34522,First-Citizens Bank & Trust Company,8-Jul-11,10-Nov-16
First Chicago Bank & Trust,Chicago,Illinois,27935,Northbrook Bank & Trust Company,8-Jul-11,9-Sep-12
Mountain Heritage Bank,Clayton,Georgia,57593,First American Bank and Trust Company,24-Jun-11,9-Feb-17
First Commercial Bank of Tampa Bay,Tampa,Florida,27583,Stonegate Bank,17-Jun-11,12-Sep-16
McIntosh State Bank,Jackson,Georgia,19237,Hamilton State Bank,17-Jun-11,21-Mar-14
Atlantic Bank and Trust,Charleston,South Carolina,58420,"First Citizens Bank and Trust Company, Inc.",3-Jun-11,21-Mar-14
First Heritage Bank,Snohomish,Washington,23626,Columbia State Bank,27-May-11,23-Oct-17
Summit Bank,Burlington,Washington,513,Columbia State Bank,20-May-11,23-Oct-17
First Georgia Banking Company,Franklin,Georgia,57647,"CertusBank, National Association",20-May-11,6-Oct-17
Atlantic Southern Bank,Macon,Georgia,57213,"CertusBank, National Association",20-May-11,6-Oct-17
Coastal Bank,Cocoa Beach,Florida,34898,"Florida Community Bank, a division of Puerto Ricoemier American Bank, N.A.",6-May-11,21-Sep-15
Community Central Bank,Mount Clemens,Michigan,34234,Talmer Bank & Trust,29-Apr-11,20-Feb-18
The Park Avenue Bank,Valdosta,Georgia,19797,Bank of the Ozarks,29-Apr-11,21-Mar-14
First Choice Community Bank,Dallas,Georgia,58539,Bank of the Ozarks,29-Apr-11,21-Sep-15
Cortez Community Bank,Brooksville,Florida,57625,"Florida Community Bank, a division of Puerto Ricoemier American Bank, N.A.",29-Apr-11,8-Aug-16
First National Bank of Central Florida,Winter Park,Florida,26297,"Florida Community Bank, a division of Puerto Ricoemier American Bank, N.A.",29-Apr-11,4-May-16
Heritage Banking Group,Carthage,Mississippi,14273,Trustmark National Bank,15-Apr-11,21-Mar-14
Rosemount National Bank,Rosemount,Minnesota,24099,Central Bank,15-Apr-11,7-Dec-15
Superior Bank,Birmingham,Alabama,17750,"Superior Bank, National Association",15-Apr-11,21-Mar-14
Nexity Bank,Birmingham,Alabama,19794,AloStar Bank of Commerce,15-Apr-11,21-Mar-14
New Horizons Bank,East Ellijay,Georgia,57705,Citizens South Bank,15-Apr-11,13-Nov-17
Bartow County Bank,Cartersville,Georgia,21495,Hamilton State Bank,15-Apr-11,21-Mar-14
Nevada Commerce Bank,Las Vegas,Nevada,35418,City National Bank,8-Apr-11,9-Sep-12
Western SPuerto Ricoings National Bank and Trust,Western SPuerto Ricoings,Illinois,10086,Heartland Bank and Trust Company,8-Apr-11,22-Jan-13
The Bank of Commerce,Wood Dale,Illinois,34292,Advantage National Bank Group,25-Mar-11,13-Apr-18
Legacy Bank,Milwaukee,Wisconsin,34818,Seaway Bank and Trust Company,11-Mar-11,12-Sep-12
First National Bank of Davis,Davis,Oklahoma,4077,The Pauls Valley National Bank,11-Mar-11,13-Apr-17
Valley Community Bank,St. Charles,Illinois,34187,First State Bank,25-Feb-11,5-Feb-15
"San Luis Trust Bank, FSB",San Luis Obispo,California,34783,First California Bank,18-Feb-11,12-Sep-16
Charter Oak Bank,Napa,California,57855,Bank of Marin,18-Feb-11,12-Sep-12
Citizens Bank of Effingham,SPuerto Ricoingfield,Georgia,34601,Heritage Bank of the South,18-Feb-11,21-Mar-14
Habersham Bank,Clarkesville,Georgia,151,SCBT National Association,18-Feb-11,23-Feb-18
Canyon National Bank,Palm SPuerto Ricoings,California,34692,Pacific Puerto Ricoemier Bank,11-Feb-11,19-Aug-14
Badger State Bank,Cassville,Wisconsin,13272,Royal Bank,11-Feb-11,12-Sep-12
Peoples State Bank,Hamtramck,Michigan,14939,First Michigan Bank,11-Feb-11,20-Feb-18
Sunshine State Community Bank,Port Orange,Florida,35478,"Puerto Ricoemier American Bank, N.A.",11-Feb-11,8-Aug-16
Community First Bank Chicago,Chicago,Illinois,57948,Northbrook Bank & Trust Company,4-Feb-11,13-Apr-18
North Georgia Bank,Watkinsville,Georgia,35242,BankSouth,4-Feb-11,19-Sep-17
American Trust Bank,Roswell,Georgia,57432,Renasant Bank,4-Feb-11,21-Mar-14
First Community Bank,Taos,New Mexico,12261,"U.S. Bank, N.A.",28-Jan-11,12-Sep-12
FirsTier Bank,Louisville,Colorado,57646,No Acquirer,28-Jan-11,12-Sep-12
Evergreen State Bank,Stoughton,Wisconsin,5328,McFarland State Bank,28-Jan-11,12-Sep-12
The First State Bank,Camargo,Oklahoma,2303,Bank 7,28-Jan-11,13-Nov-17
United Western Bank,Denver,Colorado,31293,First-Citizens Bank & Trust Company,21-Jan-11,12-Sep-12
The Bank of Asheville,Asheville,North Carolina,34516,First Bank,21-Jan-11,21-Mar-14
CommunitySouth Bank & Trust,Easley,South Carolina,57868,"CertusBank, National Association",21-Jan-11,6-Jun-16
EnterPuerto Ricoise Banking Company,McDonough,Georgia,19758,No Acquirer,21-Jan-11,21-Mar-14
Oglethorpe Bank,Brunswick,Georgia,57440,Bank of the Ozarks,14-Jan-11,13-Nov-17
Legacy Bank,Scottsdale,Arizona,57820,EnterPuerto Ricoise Bank & Trust,7-Jan-11,12-Apr-16
First Commercial Bank of Florida,Orlando,Florida,34965,First Southern Bank,7-Jan-11,6-Jun-16
Community National Bank,Lino Lakes,Minnesota,23306,Farmers & Merchants Savings Bank,17-Dec-10,10-Nov-16
First Southern Bank,Batesville,Arkansas,58052,Southern Bank,17-Dec-10,20-Aug-12
"United Americas Bank, N.A.",Atlanta,Georgia,35065,State Bank and Trust Company,17-Dec-10,17-Oct-15
"Appalachian Community Bank, FSB",McCaysville,Georgia,58495,Peoples Bank of East Tennessee,17-Dec-10,21-Mar-14
Chestatee State Bank,Dawsonville,Georgia,34578,Bank of the Ozarks,17-Dec-10,21-Sep-15
"The Bank of Miami,N.A.",Coral Gables,Florida,19040,1st United Bank,17-Dec-10,21-Mar-14
Earthstar Bank,Southampton,Pennsylvania,35561,Polonia Bank,10-Dec-10,6-Oct-17
Paramount Bank,Farmington Hills,Michigan,34673,Level One Bank,10-Dec-10,21-Sep-15
First Banking Center,Burlington,Wisconsin,5287,First Michigan Bank,19-Nov-10,20-Aug-12
Allegiance Bank of North America,Bala Cynwyd,Pennsylvania,35078,VIST Bank,19-Nov-10,26-Jul-17
Gulf State Community Bank,Carrabelle,Florida,20340,Centennial Bank,19-Nov-10,12-Dec-16
Copper Star Bank,Scottsdale,Arizona,35463,"Stearns Bank, N.A.",12-Nov-10,20-Aug-12
Darby Bank & Trust Co.,Vidalia,Georgia,14580,Ameris Bank,12-Nov-10,21-Mar-14
Tifton Banking Company,Tifton,Georgia,57831,Ameris Bank,12-Nov-10,21-Mar-14
First Vietnamese American Bank,Westminster,California,57885,Grandpoint Bank,5-Nov-10,12-Sep-12
Pierce Commercial Bank,Tacoma,Washington,34411,Heritage Bank,5-Nov-10,19-Oct-15
Western Commercial Bank,Woodland Hills,California,58087,First California Bank,5-Nov-10,12-Sep-16
K Bank,Randallstown,Maryland,31263,Manufacturers and Traders Trust Company (M&T Bank),5-Nov-10,20-Aug-12
"First Arizona Savings, A FSB",Scottsdale,Arizona,32582,No Acquirer,22-Oct-10,20-Aug-12
Hillcrest Bank,Overland Park,Kansas,22173,"Hillcrest Bank, N.A.",22-Oct-10,20-Aug-12
First Suburban National Bank,Maywood,Illinois,16089,Seaway Bank and Trust Company,22-Oct-10,21-Feb-18
The First National Bank of Barnesville,Barnesville,Georgia,2119,United Bank,22-Oct-10,17-Oct-15
The Gordon Bank,Gordon,Georgia,33904,Morris Bank,22-Oct-10,21-Mar-14
Puerto Ricoogress Bank of Florida,Tampa,Florida,32251,Bay Cities Bank,22-Oct-10,4-Feb-16
First Bank of Jacksonville,Jacksonville,Florida,27573,Ameris Bank,22-Oct-10,21-Mar-14
Puerto Ricoemier Bank,Jefferson City,Missouri,34016,Puerto Ricoovidence Bank,15-Oct-10,20-Aug-12
WestBridge Bank and Trust Company,Chesterfield,Missouri,58205,Midland States Bank,15-Oct-10,9-Feb-17
"Security Savings Bank, F.S.B.",Olathe,Kansas,30898,Simmons First National Bank,15-Oct-10,20-Aug-12
Shoreline Bank,Shoreline,Washington,35250,GBC International Bank,1-Oct-10,20-Aug-12
Wakulla Bank,Crawfordville,Florida,21777,Centennial Bank,1-Oct-10,21-Mar-14
North County Bank,Arlington,Washington,35053,Whidbey Island Bank,24-Sep-10,6-Oct-17
Haven Trust Bank Florida,Ponte Vedra Beach,Florida,58308,First Southern Bank,24-Sep-10,11-Jul-16
Maritime Savings Bank,West Allis,Wisconsin,28612,"North Shore Bank, FSB",17-Sep-10,20-Aug-12
Bramble Savings Bank,Milford,Ohio,27808,Foundation Bank,17-Sep-10,20-Aug-12
The Peoples Bank,Winder,Georgia,182,Community & Southern Bank,17-Sep-10,6-Oct-17
First Commerce Community Bank,Douglasville,Georgia,57448,Community & Southern Bank,17-Sep-10,6-Oct-17
Bank of Ellijay,Ellijay,Georgia,58197,Community & Southern Bank,17-Sep-10,6-Oct-17
ISN Bank,Cherry Hill,New Jersey,57107,Customers Bank,17-Sep-10,28-Jun-17
Horizon Bank,Bradenton,Florida,35061,Bank of the Ozarks,10-Sep-10,13-Feb-18
Sonoma Valley Bank,Sonoma,California,27259,Westamerica Bank,20-Aug-10,12-Sep-12
Los Padres Bank,Solvang,California,32165,Pacific Western Bank,20-Aug-10,12-Sep-12
Butte Community Bank,Chico,California,33219,"Rabobank, N.A.",20-Aug-10,12-Sep-12
Pacific State Bank,Stockton,California,27090,"Rabobank, N.A.",20-Aug-10,12-Sep-12
ShoreBank,Chicago,Illinois,15640,Urban Partnership Bank,20-Aug-10,16-May-13
Imperial Savings and Loan Association,Martinsville,Virginia,31623,"River Community Bank, N.A.",20-Aug-10,6-Oct-17
Independent National Bank,Ocala,Florida,27344,"CenterState Bank of Florida, N.A.",20-Aug-10,20-Oct-16
Community National Bank at Bartow,Bartow,Florida,25266,"CenterState Bank of Florida, N.A.",20-Aug-10,11-Jul-16
Palos Bank and Trust Company,Palos Heights,Illinois,17599,First Midwest Bank,13-Aug-10,22-Aug-12
Ravenswood Bank,Chicago,Illinois,34231,Northbrook Bank & Trust Company,6-Aug-10,22-Aug-12
LibertyBank,Eugene,Oregon,31964,Home Federal Bank,30-Jul-10,6-Oct-17
The Cowlitz Bank,Longview,Washington,22643,Heritage Bank,30-Jul-10,22-Aug-12
Coastal Community Bank,Panama City Beach,Florida,9619,Centennial Bank,30-Jul-10,9-Feb-17
Bayside Savings Bank,Port Saint Joe,Florida,57669,Centennial Bank,30-Jul-10,12-Dec-16
Northwest Bank & Trust,Acworth,Georgia,57658,State Bank and Trust Company,30-Jul-10,21-Sep-15
Home Valley Bank,Cave Junction,Oregon,23181,South Valley Bank & Trust,23-Jul-10,6-Oct-17
SouthwestUSA Bank,Las Vegas,Nevada,35434,Plaza Bank,23-Jul-10,22-Aug-12
Community Security Bank,New Puerto Ricoague,Minnesota,34486,Roundbank,23-Jul-10,4-Feb-16
Thunder Bank,Sylvan Grove,Kansas,10506,The Bennington State Bank,23-Jul-10,13-Sep-12
Williamsburg First National Bank,Kingstree,South Carolina,17837,"First Citizens Bank and Trust Company, Inc.",23-Jul-10,20-Oct-16
Crescent Bank and Trust Company,Jasper,Georgia,27559,Renasant Bank,23-Jul-10,21-Mar-14
Sterling Bank,Lantana,Florida,32536,IBERIABANK,23-Jul-10,22-Feb-18
"Mainstreet Savings Bank, FSB",Hastings,Michigan,28136,Commercial Bank,16-Jul-10,21-Feb-18
Olde CyPuerto Ricoess Community Bank,Clewiston,Florida,28864,"CenterState Bank of Florida, N.A.",16-Jul-10,11-Jul-16
Turnberry Bank,Aventura,Florida,32280,NAFH National Bank,16-Jul-10,12-Sep-16
Metro Bank of Dade County,Miami,Florida,25172,NAFH National Bank,16-Jul-10,8-Aug-16
First National Bank of the South,Spartanburg,South Carolina,35383,NAFH National Bank,16-Jul-10,21-Mar-14
Woodlands Bank,Bluffton,South Carolina,32571,Bank of the Ozarks,16-Jul-10,21-Sep-15
Home National Bank,Blackwell,Oklahoma,11636,RCB Bank,9-Jul-10,12-Dec-16
USA Bank,Port Chester,New York,58072,New Century Bank,9-Jul-10,6-Oct-17
Ideal Federal Savings Bank,Baltimore,Maryland,32456,No Acquirer,9-Jul-10,8-May-15
Bay National Bank,Baltimore,Maryland,35462,"Bay Bank, FSB",9-Jul-10,15-Jan-13
High Desert State Bank,Albuquerque,New Mexico,35279,First American Bank,25-Jun-10,14-Sep-12
First National Bank,Savannah,Georgia,34152,"The Savannah Bank, N.A.",25-Jun-10,21-Mar-14
Peninsula Bank,Englewood,Florida,26563,"Puerto Ricoemier American Bank, N.A.",25-Jun-10,21-Mar-14
Nevada Security Bank,Reno,Nevada,57110,Umpqua Bank,18-Jun-10,23-Aug-12
Washington First International Bank,Seattle,Washington,32955,East West Bank,11-Jun-10,22-Feb-18
TierOne Bank,Lincoln,Nebraska,29341,Great Western Bank,4-Jun-10,14-Sep-12
Arcola Homestead Savings Bank,Arcola,Illinois,31813,No Acquirer,4-Jun-10,8-May-15
First National Bank,Rosedale,Mississippi,15814,The Jefferson Bank,4-Jun-10,20-Feb-18
Sun West Bank,Las Vegas,Nevada,34785,City National Bank,28-May-10,14-Sep-12
"Granite Community Bank, NA",Granite Bay,California,57315,Tri Counties Bank,28-May-10,7-Sep-17
Bank of Florida - Tampa,Tampa,Florida,57814,EverBank,28-May-10,8-Aug-16
Bank of Florida - Southwest,Naples,Florida,35106,EverBank,28-May-10,8-Aug-16
Bank of Florida - Southeast,Fort Lauderdale,Florida,57360,EverBank,28-May-10,8-Aug-16
Pinehurst Bank,Saint Paul,Minnesota,57735,Coulee Bank,21-May-10,26-Oct-12
Midwest Bank and Trust Company,Elmwood Park,Illinois,18117,"FirstMerit Bank, N.A.",14-May-10,23-Aug-12
Southwest Community Bank,SPuerto Ricoingfield,Missouri,34255,Simmons First National Bank,14-May-10,4-Feb-16
New Liberty Bank,Plymouth,Michigan,35586,Bank of Ann Arbor,14-May-10,23-Aug-12
Satilla Community Bank,Saint Marys,Georgia,35114,Ameris Bank,14-May-10,21-Mar-14
1st Pacific Bank of California,San Diego,California,35517,City National Bank,7-May-10,13-Dec-12
Towne Bank of Arizona,Mesa,Arizona,57697,Commerce Bank of Arizona,7-May-10,23-Aug-12
Access Bank,Champlin,Minnesota,16476,Puerto RicoinsBank,7-May-10,5-Feb-15
The Bank of Bonifay,Bonifay,Florida,14246,First Federal Bank of Florida,7-May-10,5-Nov-12
Frontier Bank,Everett,Washington,22710,"Union Bank, N.A.",30-Apr-10,15-Jan-13
BC National Banks,Butler,Missouri,17792,Community First Bank,30-Apr-10,23-Aug-12
Champion Bank,Creve Coeur,Missouri,58362,BankLiberty,30-Apr-10,6-Jun-16
CF Bancorp,Port Huron,Michigan,30005,First Michigan Bank,30-Apr-10,13-Apr-16
Westernbank Puerto Rico,Mayaguez,Puerto Rico,31027,Banco Popular de Puerto Rico,30-Apr-10,21-Mar-14
R-G Puerto Ricoemier Bank of Puerto Rico,Hato Rey,Puerto Rico,32185,Scotiabank de Puerto Rico,30-Apr-10,5-Aug-15
Eurobank,San Juan,Puerto Rico,27150,Oriental Bank and Trust,30-Apr-10,21-Mar-14
Wheatland Bank,Naperville,Illinois,58429,Wheaton Bank & Trust,23-Apr-10,23-Aug-12
Peotone Bank and Trust Company,Peotone,Illinois,10888,First Midwest Bank,23-Apr-10,23-Aug-12
Lincoln Park Savings Bank,Chicago,Illinois,30600,Northbrook Bank & Trust Company,23-Apr-10,23-Aug-12
New Century Bank,Chicago,Illinois,34821,"MB Financial Bank, N.A.",23-Apr-10,23-Aug-12
Citizens Bank and Trust Company of Chicago,Chicago,Illinois,34658,Republic Bank of Chicago,23-Apr-10,5-Jun-14
Broadway Bank,Chicago,Illinois,22853,"MB Financial Bank, N.A.",23-Apr-10,23-Aug-12
"Amcore Bank, National Association",Rockford,Illinois,3735,Harris N.A.,23-Apr-10,23-Aug-12
City Bank,Lynnwood,Washington,21521,Whidbey Island Bank,16-Apr-10,14-Sep-12
Tamalpais Bank,San Rafael,California,33493,"Union Bank, N.A.",16-Apr-10,23-Aug-12
Innovative Bank,Oakland,California,23876,Center Bank,16-Apr-10,6-Oct-17
Butler Bank,Lowell,Massachusetts,26619,People's United Bank,16-Apr-10,23-Aug-12
Riverside National Bank of Florida,Fort Pierce,Florida,24067,"TD Bank, N.A.",16-Apr-10,21-Mar-14
AmericanFirst Bank,Clermont,Florida,57724,"TD Bank, N.A.",16-Apr-10,21-Mar-14
First Federal Bank of North Florida,Palatka,Florida,28886,"TD Bank, N.A.",16-Apr-10,21-Mar-14
Lakeside Community Bank,Sterling Heights,Michigan,34878,No Acquirer,16-Apr-10,23-Aug-12
Beach First National Bank,Myrtle Beach,South Carolina,34242,Bank of North Carolina,9-Apr-10,13-Feb-18
Desert Hills Bank,Phoenix,Arizona,57060,New York Community Bank,26-Mar-10,23-Aug-12
Unity National Bank,Cartersville,Georgia,34678,Bank of the Ozarks,26-Mar-10,21-Sep-15
Key West Bank,Key West,Florida,34684,Centennial Bank,26-Mar-10,9-Feb-17
McIntosh Commercial Bank,Carrollton,Georgia,57399,CharterBank,26-Mar-10,11-Jul-16
State Bank of Aurora,Aurora,Minnesota,8221,Northern State Bank,19-Mar-10,8-Aug-16
First Lowndes Bank,Fort Deposit,Alabama,24957,First Citizens Bank,19-Mar-10,21-Mar-14
Bank of Hiawassee,Hiawassee,Georgia,10054,Citizens South Bank,19-Mar-10,21-Mar-14
Appalachian Community Bank,Ellijay,Georgia,33989,Community & Southern Bank,19-Mar-10,6-Oct-17
Advanta Bank Corp.,Draper,Utah,33535,No Acquirer,19-Mar-10,31-Mar-16
Century Security Bank,Duluth,Georgia,58104,Bank of Upson,19-Mar-10,13-Apr-16
American National Bank,Parma,Ohio,18806,The National Bank and Trust Company,19-Mar-10,21-Sep-15
Statewide Bank,Covington,Louisiana,29561,Home Bank,12-Mar-10,23-Aug-12
Old Southern Bank,Orlando,Florida,58182,Centennial Bank,12-Mar-10,9-Feb-17
The Park Avenue Bank,New York,New York,27096,Valley National Bank,12-Mar-10,23-Aug-12
LibertyPointe Bank,New York,New York,58071,Valley National Bank,11-Mar-10,23-Aug-12
Centennial Bank,Ogden,Utah,34430,No Acquirer,5-Mar-10,14-Sep-12
Waterfield Bank,Germantown,Maryland,34976,No Acquirer,5-Mar-10,23-Aug-12
Bank of Illinois,Normal,Illinois,9268,Heartland Bank and Trust Company,5-Mar-10,23-Aug-12
Sun American Bank,Boca Raton,Florida,27126,First-Citizens Bank & Trust Company,5-Mar-10,21-Mar-14
Rainier Pacific Bank,Tacoma,Washington,38129,Umpqua Bank,26-Feb-10,23-Aug-12
Carson River Community Bank,Carson City,Nevada,58352,Heritage Bank of Nevada,26-Feb-10,15-Jan-13
"La Jolla Bank, FSB",La Jolla,California,32423,"OneWest Bank, FSB",19-Feb-10,24-Aug-12
George Washington Savings Bank,Orland Park,Illinois,29952,"FirstMerit Bank, N.A.",19-Feb-10,24-Aug-12
The La Coste National Bank,La Coste,Texas,3287,Community National Bank,19-Feb-10,19-Aug-14
Marco Community Bank,Marco Island,Florida,57586,Mutual of Omaha Bank,19-Feb-10,20-Jul-17
1st American State Bank of Minnesota,Hancock,Minnesota,15448,"Community Development Bank, FSB",5-Feb-10,1-Nov-13
American Marine Bank,Bainbridge Island,Washington,16730,Columbia State Bank,29-Jan-10,22-Feb-18
First Regional Bank,Los Angeles,California,23011,First-Citizens Bank & Trust Company,29-Jan-10,4-Mar-16
Community Bank and Trust,Cornelia,Georgia,5702,SCBT National Association,29-Jan-10,13-Apr-16
"Marshall Bank, N.A.",Hallock,Minnesota,16133,United Valley Bank,29-Jan-10,23-Aug-12
Florida Community Bank,Immokalee,Florida,5672,"Puerto Ricoemier American Bank, N.A.",29-Jan-10,21-Mar-14
First National Bank of Georgia,Carrollton,Georgia,16480,Community & Southern Bank,29-Jan-10,22-Feb-18
Columbia River Bank,The Dalles,Oregon,22469,Columbia State Bank,22-Jan-10,14-Sep-12
Evergreen Bank,Seattle,Washington,20501,Umpqua Bank,22-Jan-10,15-Jan-13
Charter Bank,Santa Fe,New Mexico,32498,Charter Bank,22-Jan-10,23-Aug-12
Bank of Leeton,Leeton,Missouri,8265,"Sunflower Bank, N.A.",22-Jan-10,15-Jan-13
Puerto Ricoemier American Bank,Miami,Florida,57147,"Puerto Ricoemier American Bank, N.A.",22-Jan-10,21-Sep-15
Barnes Banking Company,Kaysville,Utah,1252,No Acquirer,15-Jan-10,23-Aug-12
St. Stephen State Bank,St. Stephen,Minnesota,17522,First State Bank of St. Joseph,15-Jan-10,8-Aug-16
Town Community Bank & Trust,Antioch,Illinois,34705,First American Bank,15-Jan-10,23-Aug-12
Horizon Bank,Bellingham,Washington,22977,Washington Federal Savings and Loan Association,8-Jan-10,3-Oct-17
"First Federal Bank of California, F.S.B.",Santa Monica,California,28536,"OneWest Bank, FSB",18-Dec-09,23-Aug-12
Imperial Capital Bank,La Jolla,California,26348,City National Bank,18-Dec-09,5-Sep-12
Independent Bankers' Bank,SPuerto Ricoingfield,Illinois,26820,The Independent BankersBank (TIB),18-Dec-09,23-Aug-12
New South Federal Savings Bank,Irondale,Alabama,32276,Beal Bank,18-Dec-09,23-Aug-12
Citizens State Bank,New Baltimore,Michigan,1006,No Acquirer,18-Dec-09,21-Mar-14
Peoples First Community Bank,Panama City,Florida,32167,Hancock Bank,18-Dec-09,5-Nov-12
RockBridge Commercial Bank,Atlanta,Georgia,58315,No Acquirer,18-Dec-09,21-Mar-14
SolutionsBank,Overland Park,Kansas,4731,Arvest Bank,11-Dec-09,3-Jan-18
"Valley Capital Bank, N.A.",Mesa,Arizona,58399,EnterPuerto Ricoise Bank & Trust,11-Dec-09,20-Oct-16
"Republic Federal Bank, N.A.",Miami,Florida,22846,1st United Bank,11-Dec-09,6-Oct-17
Greater Atlantic Bank,Reston,Virginia,32583,Sonabank,4-Dec-09,21-Mar-14
Benchmark Bank,Aurora,Illinois,10440,"MB Financial Bank, N.A.",4-Dec-09,23-Aug-12
AmTrust Bank,Cleveland,Ohio,29776,New York Community Bank,4-Dec-09,21-Mar-14
The Tattnall Bank,Reidsville,Georgia,12080,Heritage Bank of the South,4-Dec-09,21-Mar-14
First Security National Bank,Norcross,Georgia,26290,State Bank and Trust Company,4-Dec-09,17-Oct-15
The Buckhead Community Bank,Atlanta,Georgia,34663,State Bank and Trust Company,4-Dec-09,21-Mar-14
Commerce Bank of Southwest Florida,Fort Myers,Florida,58016,Central Bank,20-Nov-09,21-Dec-17
Pacific Coast National Bank,San Clemente,California,57914,Sunwest Bank,13-Nov-09,10-Apr-17
Orion Bank,Naples,Florida,22427,IBERIABANK,13-Nov-09,21-Mar-14
"Century Bank, F.S.B.",Sarasota,Florida,32267,IBERIABANK,13-Nov-09,21-Mar-14
United Commercial Bank,San Francisco,California,32469,East West Bank,6-Nov-09,5-Nov-12
Gateway Bank of St. Louis,St. Louis,Missouri,19450,Central Bank of Kansas City,6-Nov-09,22-Aug-12
Puerto Ricoosperan Bank,Oakdale,Minnesota,35074,"Alerus Financial, N.A.",6-Nov-09,22-Aug-12
Home Federal Savings Bank,Detroit,Michigan,30329,Liberty Bank and Trust Company,6-Nov-09,22-Aug-12
United Security Bank,Sparta,Georgia,22286,Ameris Bank,6-Nov-09,21-Mar-14
North Houston Bank,Houston,Texas,18776,U.S. Bank N.A.,30-Oct-09,22-Aug-12
Madisonville State Bank,Madisonville,Texas,33782,U.S. Bank N.A.,30-Oct-09,22-Aug-12
Citizens National Bank,Teague,Texas,25222,U.S. Bank N.A.,30-Oct-09,22-Aug-12
Park National Bank,Chicago,Illinois,11677,U.S. Bank N.A.,30-Oct-09,22-Aug-12
Pacific National Bank,San Francisco,California,30006,U.S. Bank N.A.,30-Oct-09,22-Aug-12
California National Bank,Los Angeles,California,34659,U.S. Bank N.A.,30-Oct-09,5-Sep-12
San Diego National Bank,San Diego,California,23594,U.S. Bank N.A.,30-Oct-09,22-Aug-12
Community Bank of Lemont,Lemont,Illinois,35291,U.S. Bank N.A.,30-Oct-09,15-Jan-13
"Bank USA, N.A.",Phoenix,Arizona,32218,U.S. Bank N.A.,30-Oct-09,22-Aug-12
First DuPage Bank,Westmont,Illinois,35038,First Midwest Bank,23-Oct-09,22-Aug-12
Riverview Community Bank,Otsego,Minnesota,57525,Central Bank,23-Oct-09,21-Dec-17
Bank of Elmwood,Racine,Wisconsin,18321,Tri City National Bank,23-Oct-09,22-Aug-12
Flagship National Bank,Bradenton,Florida,35044,First Federal Bank of Florida,23-Oct-09,5-Feb-15
Hillcrest Bank Florida,Naples,Florida,58336,Stonegate Bank,23-Oct-09,22-Aug-12
American United Bank,Lawrenceville,Georgia,57794,Ameris Bank,23-Oct-09,5-Sep-12
Partners Bank,Naples,Florida,57959,Stonegate Bank,23-Oct-09,5-Feb-15
San Joaquin Bank,Bakersfield,California,23266,Citizens Business Bank,16-Oct-09,22-Aug-12
Southern Colorado National Bank,Pueblo,Colorado,57263,Legacy Bank,2-Oct-09,12-Dec-16
Jennings State Bank,SPuerto Ricoing Grove,Minnesota,11416,Central Bank,2-Oct-09,15-Nov-17
Warren Bank,Warren,Michigan,34824,The Huntington National Bank,2-Oct-09,21-Aug-12
Georgian Bank,Atlanta,Georgia,57151,"First Citizens Bank and Trust Company, Inc.",25-Sep-09,21-Aug-12
"Irwin Union Bank, F.S.B.",Louisville,Kentucky,57068,"First Financial Bank, N.A.",18-Sep-09,5-Sep-12
Irwin Union Bank and Trust Company,Columbus,Indiana,10100,"First Financial Bank, N.A.",18-Sep-09,21-Aug-12
Venture Bank,Lacey,Washington,22868,First-Citizens Bank & Trust Company,11-Sep-09,21-Aug-12
Brickwell Community Bank,Woodbury,Minnesota,57736,CorTrust Bank N.A.,11-Sep-09,20-Oct-16
"Corus Bank, N.A.",Chicago,Illinois,13693,"MB Financial Bank, N.A.",11-Sep-09,21-Aug-12
First State Bank,Flagstaff,Arizona,34875,Sunwest Bank,4-Sep-09,5-Feb-15
Platinum Community Bank,Rolling Meadows,Illinois,35030,No Acquirer,4-Sep-09,21-Aug-12
Vantus Bank,Sioux City,Iowa,27732,Great Southern Bank,4-Sep-09,21-Aug-12
InBank,Oak Forest,Illinois,20203,"MB Financial Bank, N.A.",4-Sep-09,17-Oct-15
First Bank of Kansas City,Kansas City,Missouri,25231,Great American Bank,4-Sep-09,21-Aug-12
Affinity Bank,Ventura,California,27197,Pacific Western Bank,28-Aug-09,21-Aug-12
Mainstreet Bank,Forest Lake,Minnesota,1909,Central Bank,28-Aug-09,21-Feb-18
Bradford Bank,Baltimore,Maryland,28312,Manufacturers and Traders Trust Company (M&T Bank),28-Aug-09,15-Jan-13
Guaranty Bank,Austin,Texas,32618,BBVA Compass,21-Aug-09,21-Aug-12
CapitalSouth Bank,Birmingham,Alabama,22130,IBERIABANK,21-Aug-09,20-Feb-18
First Coweta Bank,Newnan,Georgia,57702,United Bank,21-Aug-09,7-Dec-15
ebank,Atlanta,Georgia,34682,"Stearns Bank, N.A.",21-Aug-09,21-Aug-12
Community Bank of Nevada,Las Vegas,Nevada,34043,No Acquirer,14-Aug-09,21-Aug-12
Community Bank of Arizona,Phoenix,Arizona,57645,MidFirst Bank,14-Aug-09,21-Aug-12
"Union Bank, National Association",Gilbert,Arizona,34485,MidFirst Bank,14-Aug-09,21-Aug-12
Colonial Bank,Montgomery,Alabama,9609,"Branch Banking & Trust Company, (BB&T)",14-Aug-09,12-Jun-14
Dwelling House Savings and Loan Association,Pittsburgh,Pennsylvania,31559,"PNC Bank, N.A.",14-Aug-09,15-Jan-13
Community First Bank,Puerto Ricoineville,Oregon,23268,Home Federal Bank,7-Aug-09,6-Oct-17
Community National Bank of Sarasota County,Venice,Florida,27183,"Stearns Bank, N.A.",7-Aug-09,20-Aug-12
First State Bank,Sarasota,Florida,27364,"Stearns Bank, N.A.",7-Aug-09,20-Aug-12
Mutual Bank,Harvey,Illinois,18659,United Central Bank,31-Jul-09,20-Aug-12
First BankAmericano,Elizabeth,New Jersey,34270,Crown Bank,31-Jul-09,20-Aug-12
Peoples Community Bank,West Chester,Ohio,32288,"First Financial Bank, N.A.",31-Jul-09,20-Aug-12
Integrity Bank,Jupiter,Florida,57604,Stonegate Bank,31-Jul-09,20-Aug-12
First State Bank of Altus,Altus,Oklahoma,9873,Herring Bank,31-Jul-09,20-Aug-12
Security Bank of Jones County,Gray,Georgia,8486,State Bank and Trust Company,24-Jul-09,20-Aug-12
Security Bank of Houston County,Perry,Georgia,27048,State Bank and Trust Company,24-Jul-09,17-Oct-15
Security Bank of Bibb County,Macon,Georgia,27367,State Bank and Trust Company,24-Jul-09,20-Aug-12
Security Bank of North Metro,Woodstock,Georgia,57105,State Bank and Trust Company,24-Jul-09,6-Jan-16
Security Bank of North Fulton,Alpharetta,Georgia,57430,State Bank and Trust Company,24-Jul-09,20-Aug-12
Security Bank of Gwinnett County,Suwanee,Georgia,57346,State Bank and Trust Company,24-Jul-09,23-Oct-17
Waterford Village Bank,Williamsville,New York,58065,"Evans Bank, N.A.",24-Jul-09,1-Nov-13
Temecula Valley Bank,Temecula,California,34341,First-Citizens Bank & Trust Company,17-Jul-09,20-Oct-16
Vineyard Bank,Rancho Cucamonga,California,23556,California Bank & Trust,17-Jul-09,20-Aug-12
BankFirst,Sioux Falls,South Dakota,34103,"Alerus Financial, N.A.",17-Jul-09,20-Aug-12
First Piedmont Bank,Winder,Georgia,34594,First American Bank and Trust Company,17-Jul-09,8-Aug-16
Bank of Wyoming,Thermopolis,WY,22754,Central Bank & Trust,10-Jul-09,20-Aug-12
Founders Bank,Worth,Illinois,18390,The Puerto RicoivateBank and Trust Company,2-Jul-09,20-Aug-12
Millennium State Bank of Texas,Dallas,Texas,57667,State Bank of Texas,2-Jul-09,26-Oct-12
First National Bank of Danville,Danville,Illinois,3644,"First Financial Bank, N.A.",2-Jul-09,20-Aug-12
Elizabeth State Bank,Elizabeth,Illinois,9262,Galena State Bank and Trust Company,2-Jul-09,20-Aug-12
Rock River Bank,Oregon,Illinois,15302,The Harvard State Bank,2-Jul-09,20-Aug-12
First State Bank of Winchester,Winchester,Illinois,11710,The First National Bank of Beardstown,2-Jul-09,20-Aug-12
John Warner Bank,Clinton,Illinois,12093,State Bank of Lincoln,2-Jul-09,20-Aug-12
Mirae Bank,Los Angeles,California,57332,Wilshire State Bank,26-Jun-09,21-Feb-18
MetroPacific Bank,Irvine,California,57893,Sunwest Bank,26-Jun-09,5-Feb-15
Horizon Bank,Pine City,Minnesota,9744,"Stearns Bank, N.A.",26-Jun-09,5-Feb-15
Neighborhood Community Bank,Newnan,Georgia,35285,CharterBank,26-Jun-09,7-Dec-15
Community Bank of West Georgia,Villa Rica,Georgia,57436,No Acquirer,26-Jun-09,17-Aug-12
First National Bank of Anthony,Anthony,Kansas,4614,Bank of Kansas,19-Jun-09,21-Sep-15
Cooperative Bank,Wilmington,North Carolina,27837,First Bank,19-Jun-09,12-Mar-18
Southern Community Bank,Fayetteville,Georgia,35251,United Community Bank,19-Jun-09,21-Sep-15
Bank of Lincolnwood,Lincolnwood,Illinois,17309,Republic Bank of Chicago,5-Jun-09,17-Aug-12
Citizens National Bank,Macomb,Illinois,5757,Morton Community Bank,22-May-09,4-Sep-12
Strategic Capital Bank,Champaign,Illinois,35175,Midland States Bank,22-May-09,4-Sep-12
"BankUnited, FSB",Coral Gables,Florida,32247,BankUnited,21-May-09,17-Aug-12
Westsound Bank,Bremerton,Washington,34843,Kitsap Bank,8-May-09,4-Sep-12
America West Bank,Layton,Utah,35461,Cache Valley Bank,1-May-09,17-Aug-12
Citizens Community Bank,Ridgewood,New Jersey,57563,North Jersey Community Bank,1-May-09,4-Sep-12
"Silverton Bank, NA",Atlanta,Georgia,26535,No Acquirer,1-May-09,17-Aug-12
First Bank of Idaho,Ketchum,Idaho,34396,"U.S. Bank, N.A.",24-Apr-09,17-Aug-12
First Bank of Beverly Hills,Calabasas,California,32069,No Acquirer,24-Apr-09,4-Sep-12
Michigan Heritage Bank,Farmington Hills,Michigan,34369,Level One Bank,24-Apr-09,17-Aug-12
American Southern Bank,Kennesaw,Georgia,57943,Bank of North Georgia,24-Apr-09,17-Aug-12
Great Basin Bank of Nevada,Elko,Nevada,33824,Nevada State Bank,17-Apr-09,4-Sep-12
American Sterling Bank,Sugar Creek,Missouri,8266,Metcalf Bank,17-Apr-09,31-Aug-12
New Frontier Bank,Greeley,Colorado,34881,No Acquirer,10-Apr-09,4-Sep-12
Cape Fear Bank,Wilmington,North Carolina,34639,First Federal Savings and Loan Association,10-Apr-09,10-Apr-17
Omni National Bank,Atlanta,Georgia,22238,No Acquirer,27-Mar-09,17-Aug-12
"TeamBank, NA",Paola,Kansas,4754,Great Southern Bank,20-Mar-09,12-Sep-16
Colorado National Bank,Colorado SPuerto Ricoings,Colorado,18896,Herring Bank,20-Mar-09,12-Dec-16
FirstCity Bank,Stockbridge,Georgia,18243,No Acquirer,20-Mar-09,17-Aug-12
Freedom Bank of Georgia,Commerce,Georgia,57558,Northeast Georgia Bank,6-Mar-09,17-Aug-12
Security Savings Bank,Henderson,Nevada,34820,Bank of Nevada,27-Feb-09,7-Sep-12
Heritage Community Bank,Glenwood,Illinois,20078,"MB Financial Bank, N.A.",27-Feb-09,17-Aug-12
Silver Falls Bank,Silverton,Oregon,35399,Citizens Bank,20-Feb-09,17-Aug-12
Pinnacle Bank of Oregon,Beaverton,Oregon,57342,Washington Trust Bank of Spokane,13-Feb-09,7-Dec-15
Corn Belt Bank & Trust Co.,Pittsfield,Illinois,16500,The Carlinville National Bank,13-Feb-09,17-Aug-12
Riverside Bank of the Gulf Coast,Cape Coral,Florida,34563,TIB Bank,13-Feb-09,17-Aug-12
Sherman County Bank,Loup City,Nebraska,5431,Heritage Bank,13-Feb-09,17-Aug-12
County Bank,Merced,California,22574,Westamerica Bank,6-Feb-09,4-Sep-12
Alliance Bank,Culver City,California,23124,California Bank & Trust,6-Feb-09,16-Aug-12
FirstBank Financial Services,McDonough,Georgia,57017,Regions Bank,6-Feb-09,16-Aug-12
Ocala National Bank,Ocala,Florida,26538,"CenterState Bank of Florida, N.A.",30-Jan-09,4-Sep-12
Suburban FSB,Crofton,Maryland,30763,Bank of Essex,30-Jan-09,4-Feb-16
MagnetBank,Salt Lake City,Utah,58001,No Acquirer,30-Jan-09,16-Aug-12
1st Centennial Bank,Redlands,California,33025,First California Bank,23-Jan-09,13-Apr-16
Bank of Clark County,Vancouver,Washington,34959,Umpqua Bank,16-Jan-09,16-Aug-12
National Bank of Commerce,Berkeley,Illinois,19733,Republic Bank of Chicago,16-Jan-09,12-Mar-18
Sanderson State Bank,Sanderson,Texas,11568,The Pecos County State Bank,12-Dec-08,25-Oct-13
Haven Trust Bank,Duluth,Georgia,35379,"Branch Banking & Trust Company, (BB&T)",12-Dec-08,16-Aug-12
First Georgia Community Bank,Jackson,Georgia,34301,United Bank,5-Dec-08,16-Aug-12
PFF Bank & Trust,Pomona,California,28344,"U.S. Bank, N.A.",21-Nov-08,4-Jan-13
Downey Savings & Loan,Newport Beach,California,30968,"U.S. Bank, N.A.",21-Nov-08,4-Jan-13
Community Bank,Loganville,Georgia,16490,Bank of Essex,21-Nov-08,4-Sep-12
Security Pacific Bank,Los Angeles,California,23595,Pacific Western Bank,7-Nov-08,28-Aug-12
"Franklin Bank, SSB",Houston,Texas,26870,Puerto Ricoosperity Bank,7-Nov-08,16-Aug-12
Freedom Bank,Bradenton,Florida,57930,Fifth Third Bank,31-Oct-08,16-Aug-12
Alpha Bank & Trust,Alpharetta,Georgia,58241,"Stearns Bank, N.A.",24-Oct-08,16-Aug-12
Meridian Bank,Eldred,Illinois,13789,National Bank,10-Oct-08,31-May-12
Main Street Bank,Northville,Michigan,57654,Monroe Bank & Trust,10-Oct-08,1-Aug-13
Washington Mutual Bank (Including its subsidiary Washington Mutual Bank FSB),Henderson,Nevada,32633,JP Morgan Chase Bank,25-Sep-08,4-Aug-15
Ameribank,Northfork,West Virginia,6782,"The Citizens Savings Bank, Pioneer Community Bank, Inc.",19-Sep-08,21-Sep-15
Silver State Bank,Henderson,Nevada,34194,Nevada State Bank,5-Sep-08,25-Oct-13
Integrity Bank,Alpharetta,Georgia,35469,Regions Bank,29-Aug-08,16-Aug-12
Columbian Bank & Trust,Topeka,Kansas,22728,Citizens Bank & Trust,22-Aug-08,26-Mar-15
First Puerto Ricoiority Bank,Bradenton,Florida,57523,SunTrust Bank,1-Aug-08,12-Dec-16
"First Heritage Bank, NA",Newport Beach,California,57961,Mutual of Omaha Bank,25-Jul-08,12-Sep-16
First National Bank of Nevada,Reno,Nevada,27011,Mutual of Omaha Bank,25-Jul-08,28-Aug-12
IndyMac Bank,Pasadena,California,29730,"OneWest Bank, FSB",11-Jul-08,22-Apr-15
"First Integrity Bank, NA",Staples,Minnesota,12736,First International Bank and Trust,30-May-08,20-Oct-16
"ANB Financial, NA",Bentonville,Arkansas,33901,Pulaski Bank and Trust Company,9-May-08,28-Aug-12
Hume Bank,Hume,Missouri,1971,Security Bank,7-Mar-08,28-Aug-12
Douglass National Bank,Kansas City,Missouri,24660,Liberty Bank and Trust Company,25-Jan-08,26-Oct-12
Miami Valley Bank,Lakeview,Ohio,16848,The Citizens Banking Company,4-Oct-07,12-Sep-16
NetBank,Alpharetta,Georgia,32575,ING DIRECT,28-Sep-07,28-Aug-12
Metropolitan Savings Bank,Pittsburgh,Pennsylvania,35353,Allegheny Valley Bank of Pittsburgh,2-Feb-07,27-Oct-10
Bank of Ephraim,Ephraim,Utah,1249,Far West Bank,25-Jun-04,9-Apr-08
Reliance Bank,White Plains,New York,26778,Union State Bank,19-Mar-04,9-Apr-08
Guaranty National Bank of Tallahassee,Tallahassee,Florida,26838,Hancock Bank of Florida,12-Mar-04,5-Jun-12
Dollar Savings Bank,Newark,New Jersey,31330,No Acquirer,14-Feb-04,9-Apr-08
Pulaski Savings Bank,Philadelphia,Pennsylvania,27203,Earthstar Bank,14-Nov-03,6-Oct-17
First National Bank of Blanchardville,Blanchardville,Wisconsin,11639,The Park Bank,9-May-03,5-Jun-12
Southern Pacific Bank,Torrance,California,27094,Beal Bank,7-Feb-03,20-Oct-08
Farmers Bank of Cheneyville,Cheneyville,Louisiana,16445,Sabine State Bank & Trust,17-Dec-02,20-Oct-04
Bank of Alamo,Alamo,Tennessee,9961,No Acquirer,8-Nov-02,18-Mar-05
AmTrade International Bank,Atlanta,Georgia,33784,No Acquirer,30-Sep-02,11-Sep-06
Universal Federal Savings Bank,Chicago,Illinois,29355,Chicago Community Bank,27-Jun-02,6-Oct-17
Connecticut Bank of Commerce,Stamford,Connecticut,19183,Hudson United Bank,26-Jun-02,14-Feb-12
New Century Bank,Shelby Township,Michigan,34979,No Acquirer,28-Mar-02,18-Mar-05
Net 1st National Bank,Boca Raton,Florida,26652,Bank Leumi USA,1-Mar-02,9-Apr-08
"NextBank, NA",Phoenix,Arizona,22314,No Acquirer,7-Feb-02,5-Feb-15
Oakwood Deposit Bank Co.,Oakwood,Ohio,8966,The State Bank & Trust Company,1-Feb-02,25-Oct-12
Bank of Sierra Blanca,Sierra Blanca,Texas,22002,The Security State Bank of Pecos,18-Jan-02,6-Nov-03
"Hamilton Bank, NA",Miami,Florida,24382,Israel Discount Bank of New York,11-Jan-02,21-Sep-15
Sinclair National Bank,Gravette,Arkansas,34248,Delta Trust & Bank,7-Sep-01,6-Oct-17
"Superior Bank, FSB",Hinsdale,Illinois,32646,"Superior Federal, FSB",27-Jul-01,19-Aug-14
Malta National Bank,Malta,Ohio,6629,North Valley Bank,3-May-01,18-Nov-02
First Alliance Bank & Trust Co.,Manchester,New Hampshire,34264,Southern New Hampshire Bank & Trust,2-Feb-01,18-Feb-03
National State Bank of Metropolis,Metropolis,Illinois,3815,Banterra Bank of Marion,14-Dec-00,17-Mar-05
Bank of Honolulu,Honolulu,Hawaii,21029,Bank of the Orient,13-Oct-00,17-Mar-05
